split,records,avg_text_chars,median_text_chars,avg_entity_count
test,879,1585.4072810011376,1628.0,80.0967007963595
train,2635,1579.297533206831,1603.0,80.08690702087287
validation,878,1593.2198177676537,1594.5,80.9362186788155
