category,precision@1,recall@1,f1@1,ndcg@1,precision@3,recall@3,f1@3,ndcg@3,precision@5,recall@5,f1@5,ndcg@5,precision@8,recall@8,f1@8,ndcg@8,mrr,exact_match,bleu,rouge1,rouge2,rougeL,meteor,bertscore_precision,bertscore_recall,bertscore_f1,faithfulness,context_precision,context_recall,answer_relevancy,judge_groundedness,judge_relevance,judge_hallucination,judge_completeness
retrieval,0.36666666666666664,0.35,0.3555555555555555,0.36666666666666664,0.14444444444444443,0.4,0.21,0.3876976584523819,0.08666666666666667,0.4,0.14126984126984127,0.3876976584523819,0.0625,0.45,0.10888888888888888,0.4100867272488403,0.39305555555555555,,,,,,,,,,,,,,,,,
generation,,,,,,,,,,,,,,,,,,0.0,0.005057475731437297,0.11215461990160162,0.021052351276301635,0.08380082505946747,0.14868871147017113,0.0,0.0,0.0,,,,,,,,
rag,,,,,,,,,,,,,,,,,,,,,,,,,,,0.7666666666666666,0.17261904761904764,0.19999999999999998,0.7833333333333332,3.9166666666666665,4.333333333333333,4.75,3.5833333333333335
